text,label
"Overall, the terminal interface is easy to use.",positive
This tool connected at nine o clock.,neutral
This feature ran in the terminal.,neutral
I feel good about the design.,positive
"The app has problems, but overall I am happy with it.",positive
I am annoyed by the design.,negative
I feel good about this tool.,positive
The product is slow.,negative
The service ran after the update.,neutral
The app updated during the test.,neutral
This program is fast and clean.,positive
The app displayed a message after the update.,neutral
I absolutely do not enjoy this application.,negative
The terminal interface finished during the test.,neutral
The service is hard to use.,negative
This program finished after the update.,neutral
The design closed after the update.,neutral
I clicked a button in the service.,neutral
"The service has a few nice ideas, but overall it is frustrating.",negative
I cannot stand the service.,negative
This program is a big improvement.,positive
I absolutely am pleased with the design.,positive
The design is useful.,positive
"Overall, the system is terrible.",negative
This works exactly the way I hoped.,positive
The system started yesterday.,neutral
"Overall, this application is excellent.",positive
The system opened for ten minutes.,neutral
The documentation mentions this program.,neutral
The design opened after lunch.,neutral
This software started after lunch.,neutral
The experience is bad.,negative
This feature loaded in the terminal.,neutral
I absolutely am impressed by the experience.,positive
This application ran for ten minutes.,neutral
"This program was frustrating at first, but now I like it.",positive
I really like the workflow.,positive
"Overall, the system is easy to use.",positive
The workflow saved a file at nine o clock.,neutral
I am impressed by the workflow.,positive
The interface started this morning.,neutral
The design is poorly designed.,negative
"Overall, the workflow is confusing.",negative
The terminal interface displayed a message for ten minutes.,neutral
I absolutely am disappointed with this application.,negative
This program is awful.,negative
I recommend the design.,positive
The product ran without an error.,neutral
"Overall, the update is great.",positive
I absolutely would not recommend this tool.,negative
I regret using the terminal interface.,negative
"This feature has problems, but overall I am happy with it.",positive
I absolutely do not enjoy this program.,negative
The design ran in the terminal.,neutral
The design connected during the test.,neutral
"Overall, the service is awful.",negative
The terminal interface connected during the test.,neutral
I cannot stand this feature.,negative
This application saved a file after lunch.,neutral
The service is disappointing.,negative
The documentation mentions the experience.,neutral
I recommend the app.,positive
The terminal interface is not bad.,positive
I used this tool today.,neutral
The terminal interface is disappointing.,negative
This software is reliable.,positive
The app closed this morning.,neutral
The service opened during the test.,neutral
I am pleased with the workflow.,positive
"Overall, the design is solid.",positive
I absolutely love this application.,positive
You handled that very well.,positive
I absolutely prefer the workflow.,positive
The design is worse than before.,negative
The interface keeps getting in my way.,negative
"Overall, the interface is slow.",negative
The product is pleasant.,positive
This software ran during the test.,neutral
I feel good about this program.,positive
"Overall, the workflow is excellent.",positive
The interface is hard to use.,negative
I absolutely really dislike the service.,negative
The terminal interface ran at nine o clock.,neutral
I absolutely feel good about this software.,positive
The workflow finished during the test.,neutral
I appreciate the design.,positive
The interface is not good.,negative
I cannot stand the update.,negative
The workflow is not good.,negative
I would not call the terminal interface good.,negative
This tool is a big improvement.,positive
This program is useful.,positive
The design is great.,positive
"Overall, the workflow is hard to use.",negative
This software loaded without an error.,neutral
I absolutely am happy with the update.,positive
I absolutely really like the update.,positive
"Overall, the product is frustrating.",negative
I am frustrated by the workflow.,negative
I absolutely am impressed by this tool.,positive
"Overall, the update is disappointing.",negative
This software updated in the terminal.,neutral
This feature loaded after the update.,neutral
The service displayed a message after lunch.,neutral
The system is terrible.,negative
This tool connected on my computer.,neutral
"Overall, the design is impressive.",positive
I absolutely cannot stand the interface.,negative
I expected better than this.,negative
I am disappointed with the system.,negative
"Overall, the interface is worse than before.",negative
The terminal interface ran for ten minutes.,neutral
The terminal interface saved a file on my computer.,neutral
"Overall, the terminal interface is worse than before.",negative
I am disappointed with this software.,negative
The product started yesterday.,neutral
I absolutely prefer the design.,positive
"Overall, this application is disappointing.",negative
"I expected the product to be good, but it is actually bad.",negative
"The terminal interface looked promising, but now I hate it.",negative
"Overall, the service is impressive.",positive
The experience finished without an error.,neutral
I absolutely appreciate the system.,positive
"Overall, the service is confusing.",negative
I absolutely would not recommend this application.,negative
That response was not very helpful.,negative
The service saved a file on my computer.,neutral
The workflow saved a file for ten minutes.,neutral
The interface is slow.,negative
The system ran on my computer.,neutral
The service connected at nine o clock.,neutral
The product opened this morning.,neutral
"Overall, this tool is broken.",negative
I really like the app.,positive
The interface is not bad.,positive
"Overall, this program is pleasant.",positive
I don't dislike the terminal interface.,positive
The system loaded yesterday.,neutral
This application closed after the update.,neutral
"Overall, the product is awful.",negative
The app started in the terminal.,neutral
"This application has a few nice ideas, but overall it is frustrating.",negative
The design is broken.,negative
"Overall, the terminal interface is fast and clean.",positive
The terminal interface is unpleasant.,negative
"Overall, this tool is helpful.",positive
I absolutely am frustrated by the experience.,negative
I feel good about this application.,positive
The system finished in the terminal.,neutral
This program started without an error.,neutral
"Overall, the system is smooth.",positive
This feature is awful.,negative
"Overall, this tool is smooth.",positive
This application displayed a message after the update.,neutral
"Overall, the product is wonderful.",positive
This program displayed a message this morning.,neutral
This software is confusing.,negative
I regret using the app.,negative
The experience closed this morning.,neutral
The service saved a file yesterday.,neutral
I don't dislike the workflow.,positive
This application connected in the terminal.,neutral
The product closed during the test.,neutral
This tool ran at nine o clock.,neutral
The terminal interface is easy to use.,positive
The test for the design finished at noon.,neutral
"Overall, this program is easy to use.",positive
The system started for ten minutes.,neutral
This feature closed for ten minutes.,neutral
The update is poorly designed.,negative
The system loaded after lunch.,neutral
"I tried to like this tool, but it is terrible.",negative
The interface closed on my computer.,neutral
The design is unpleasant.,negative
"Overall, the update is wonderful.",positive
The service was installed yesterday.,neutral
The workflow updated on my computer.,neutral
I really like the system.,positive
This program is bad.,negative
The interface is wonderful.,positive
"Overall, the product is useful.",positive
I do not hate the app.,positive
The experience is not terrible.,positive
"Overall, the system is worse than before.",negative
I hate the terminal interface.,negative
The interface ran for ten minutes.,neutral
The system is not useful.,negative
"Overall, the system is annoying.",negative
"I almost gave up on this software, but it turned out great.",positive
I absolutely would not recommend the interface.,negative
"Overall, the app is a big improvement.",positive
The service started on my computer.,neutral
"The app was frustrating at first, but now I like it.",positive
The terminal interface updated after the update.,neutral
The update ran in the terminal.,neutral
The experience started at nine o clock.,neutral
This program connected in the terminal.,neutral
The product saved a file yesterday.,neutral
The update is disappointing.,negative
"Overall, this feature is helpful.",positive
"Overall, the system is broken.",negative
The interface is not useful.,negative
I am impressed by the interface.,positive
The workflow updated at nine o clock.,neutral
The interface connected after lunch.,neutral
The system saved a file after the update.,neutral
"I almost gave up on the system, but it turned out great.",positive
The interface is bad.,negative
I absolutely love this program.,positive
This program is slow.,negative
This tool connected this morning.,neutral
The app finished for ten minutes.,neutral
This program loaded yesterday.,neutral
"Overall, this application is annoying.",negative
The workflow finished at nine o clock.,neutral
The update loaded at nine o clock.,neutral
"The app looked promising, but now I hate it.",negative
"Overall, the app is worse than before.",negative
The service is pleasant.,positive
The service finished after lunch.,neutral
"Overall, the system is solid.",positive
The interface is pleasant.,positive
I absolutely am unhappy with the terminal interface.,negative
I feel good about the experience.,positive
This software opened on my computer.,neutral
The interface is easy to use.,positive
I don't enjoy the service.,negative
The app is not terrible.,positive
The terminal interface updated yesterday.,neutral
The interface closed for ten minutes.,neutral
This tool opened without an error.,neutral
I absolutely feel good about the interface.,positive
"Overall, the update is bad.",negative
I absolutely am frustrated by this application.,negative
This program connected at nine o clock.,neutral
I do not hate the experience.,positive
This application is fast and clean.,positive
This tool updated after the update.,neutral
This tool started without an error.,neutral
I really like this program.,positive
This feature saved a file during the test.,neutral
This software saved a file without an error.,neutral
The model produced a prediction.,neutral
"Overall, this tool is hard to use.",negative
"Overall, the terminal interface is helpful.",positive
The update is excellent.,positive
This program displayed a message after the update.,neutral
The design loaded for ten minutes.,neutral
I absolutely really like this feature.,positive
The interface displayed a message on my computer.,neutral
This tool is not terrible.,positive
The workflow is reliable.,positive
"Overall, this feature is slow.",negative
The product opened at nine o clock.,neutral
"Overall, the experience is terrible.",negative
I absolutely am frustrated by the terminal interface.,negative
The system is great.,positive
I appreciate this program.,positive
I do not hate the update.,positive
The process completed after training.,neutral
I absolutely appreciate this software.,positive
The terminal interface is annoying.,negative
"Overall, the design is frustrating.",negative
I would not call the design bad at all.,positive
The design is not good.,negative
The service is solid.,positive
The documentation mentions the app.,neutral
This application loaded after lunch.,neutral
The service ran during the test.,neutral
I appreciate this tool.,positive
I hate this application.,negative
"This feature was frustrating at first, but now I like it.",positive
This software is smooth.,positive
The workflow started this morning.,neutral
This application is easy to use.,positive
"Overall, the update is confusing.",negative
The experience is not bad.,positive
I absolutely am pleased with this software.,positive
I do not hate this tool.,positive
The response feels cold and robotic.,negative
This feature loaded without an error.,neutral
"Overall, the service is useful.",positive
I absolutely really dislike the product.,negative
"I tried to like the design, but it is terrible.",negative
The product is fantastic.,positive
This tool ran in the terminal.,neutral
The update is helpful.,positive
"Overall, the workflow is impressive.",positive
The interface updated during the test.,neutral
The service closed in the terminal.,neutral
The workflow closed after lunch.,neutral
I cannot stand the interface.,negative
The experience ran for ten minutes.,neutral
I absolutely really like the terminal interface.,positive
I do not like this software.,negative
I absolutely am impressed by the interface.,positive
I regret using this software.,negative
The terminal interface is helpful.,positive
I am pleased with this tool.,positive
The design opened yesterday.,neutral
This tool opened on my computer.,neutral
This feature finished yesterday.,neutral
This software displayed a message without an error.,neutral
I absolutely am disappointed with the design.,negative
This software closed at nine o clock.,neutral
The experience is not useful.,negative
The screen shows the history tab.,neutral
I would not recommend the app.,negative
I am unhappy with this application.,negative
"You did well, your little business is alright.",positive
"Overall, this software is pleasant.",positive
This tool closed during the test.,neutral
The terminal interface is reliable.,positive
The design is frustrating.,negative
"The terminal interface was frustrating at first, but now I like it.",positive
This message has twelve words.,neutral
The system loaded at nine o clock.,neutral
I am impressed by this application.,positive
The workflow finished without an error.,neutral
This application finished after lunch.,neutral
The experience is disappointing.,negative
"Overall, this application is hard to use.",negative
I absolutely am frustrated by the service.,negative
I do not hate this program.,positive
This program ran this morning.,neutral
The update ran for ten minutes.,neutral
The product opened during the test.,neutral
I absolutely am disappointed with this software.,negative
I absolutely am disappointed with the app.,negative
This tool is frustrating.,negative
This feature started at nine o clock.,neutral
"Overall, this program is great.",positive
The system opened without an error.,neutral
"This feature looked promising, but now I hate it.",negative
I regret using the product.,negative
I regret using the system.,negative
"Overall, the experience is reliable.",positive
"I expected the terminal interface to be bad, but it is actually good.",positive
I absolutely enjoy this program.,positive
"Overall, the app is awful.",negative
"Overall, the design is bad.",negative
The update closed without an error.,neutral
I absolutely am unhappy with the system.,negative
The design is confusing.,negative
The app started after the update.,neutral
"Overall, the product is pleasant.",positive
The terminal interface is not good.,negative
The workflow updated yesterday.,neutral
"Overall, this software is useful.",positive
I am unhappy with the update.,negative
"Overall, this feature is awful.",negative
I used the design today.,neutral
The service updated this morning.,neutral
I absolutely am disappointed with this tool.,negative
"Overall, this software is smooth.",positive
I am impressed by this tool.,positive
This program ran at nine o clock.,neutral
I really dislike this program.,negative
This software saved a file this morning.,neutral
"Overall, the product is bad.",negative
This feature connected after lunch.,neutral
This software is hard to use.,negative
The workflow loaded on my computer.,neutral
I am annoyed by the app.,negative
I absolutely am impressed by the product.,positive
The experience loaded after lunch.,neutral
"I expected the service to be bad, but it is actually good.",positive
The workflow is excellent.,positive
I absolutely am happy with the experience.,positive
"Overall, the experience is disappointing.",negative
"Overall, the service is frustrating.",negative
I love the terminal interface.,positive
I regret using the service.,negative
The app opened at nine o clock.,neutral
The update is smooth.,positive
The workflow is great.,positive
The model file is stored in the models directory.,neutral
This is technically working but still unpleasant to use.,negative
The update connected without an error.,neutral
"Overall, the update is awful.",negative
The experience is unpleasant.,negative
I would not call the service bad at all.,positive
I cannot stand the system.,negative
"Overall, this feature is confusing.",negative
The system is wonderful.,positive
The interface is poorly designed.,negative
The workflow is not useful.,negative
I really like the service.,positive
This program is pleasant.,positive
This is much better now.,positive
The update displayed a message after the update.,neutral
This application is not good.,negative
"The workflow was frustrating at first, but now I like it.",positive
The experience saved a file at nine o clock.,neutral
"Overall, this tool is disappointing.",negative
"Overall, the design is well designed.",positive
"I tried to like the terminal interface, but it is terrible.",negative
The update is not bad.,positive
This feature loaded during the test.,neutral
The system is poorly designed.,negative
This feature is poorly designed.,negative
I used this program today.,neutral
The product displayed a message yesterday.,neutral
This application is not useful.,negative
This application loaded after the update.,neutral
I absolutely feel good about the product.,positive
I am happy with the design.,positive
I absolutely really dislike this tool.,negative
I absolutely feel good about the system.,positive
The update is not good.,negative
The experience finished at nine o clock.,neutral
The service loaded yesterday.,neutral
I don't dislike the experience.,positive
I absolutely feel good about this feature.,positive
The workflow connected at nine o clock.,neutral
The terminal interface updated in the terminal.,neutral
I used the app today.,neutral
This software finished yesterday.,neutral
I am impressed by the system.,positive
This program opened during the test.,neutral
The terminal interface connected after the update.,neutral
I absolutely am frustrated by the update.,negative
I am frustrated by the app.,negative
The system saved a file this morning.,neutral
The product finished during the test.,neutral
This feature opened after the update.,neutral
I am pleasantly surprised.,positive
The update saved a file in the terminal.,neutral
The interface updated for ten minutes.,neutral
I am unhappy with the product.,negative
The update closed at nine o clock.,neutral
The app loaded after lunch.,neutral
This program finished on my computer.,neutral
I am frustrated by the system.,negative
The terminal interface is fantastic.,positive
The app displayed a message yesterday.,neutral
"I expected this feature to be bad, but it is actually good.",positive
The product is a big improvement.,positive
The app ran in the terminal.,neutral
"Overall, the product is solid.",positive
I absolutely enjoy the update.,positive
I really like this application.,positive
"Overall, this feature is annoying.",negative
The result is confusing and not useful.,negative
The update produced three output values.,neutral
The product closed after the update.,neutral
The app finished in the terminal.,neutral
The workflow is a big improvement.,positive
"Overall, this feature is reliable.",positive
This tool is version two point two.,neutral
The workflow saved a file yesterday.,neutral
This feature finished on my computer.,neutral
The system is frustrating.,negative
The design is slow.,negative
Not bad at all.,positive
The interface is smooth.,positive
The workflow updated without an error.,neutral
"Overall, this tool is solid.",positive
I recommend the experience.,positive
The app finished on my computer.,neutral
This software closed during the test.,neutral
I am annoyed by the system.,negative
The design ran at nine o clock.,neutral
"Overall, the terminal interface is confusing.",negative
I appreciate the app.,positive
The product is great.,positive
The design updated without an error.,neutral
I am unhappy with the workflow.,negative
This feature is not good.,negative
I don't dislike the product.,positive
"Overall, the terminal interface is disappointing.",negative
This feature finished after the update.,neutral
I do not like this application.,negative
I am unhappy with the design.,negative
The interface closed without an error.,neutral
The product is annoying.,negative
I feel good about the service.,positive
I absolutely cannot stand the product.,negative
The product is useful.,positive
The update started after the update.,neutral
This program updated on my computer.,neutral
The update is not terrible.,positive
This software saved a file in the terminal.,neutral
This program closed at nine o clock.,neutral
The app is pleasant.,positive
I cannot stand this software.,negative
The test for this feature finished at noon.,neutral
"This software has problems, but overall I am happy with it.",positive
I would not call this program good.,negative
I absolutely prefer this software.,positive
The test for the interface finished at noon.,neutral
I prefer the product.,positive
I do not hate the product.,positive
I don't dislike this program.,positive
"Overall, this software is fantastic.",positive
This program is worse than before.,negative
I do not like the terminal interface.,negative
I absolutely appreciate this program.,positive
"I tried to like the interface, but it is terrible.",negative
This software is not useful.,negative
The product is unpleasant.,negative
I absolutely am frustrated by this tool.,negative
I absolutely am frustrated by the app.,negative
The workflow saved a file on my computer.,neutral
I don't dislike the new interface.,positive
"Overall, the app is smooth.",positive
I am pleased with this software.,positive
This program saved a file this morning.,neutral
"Overall, this feature is frustrating.",negative
The product is unreliable.,negative
The update is pleasant.,positive
The service is fast and clean.,positive
I recommend the system.,positive
The experience is wonderful.,positive
This program updated without an error.,neutral
The service is impressive.,positive
"Overall, the interface is solid.",positive
This program is unreliable.,negative
The product is not useful.,negative
The service finished yesterday.,neutral
"Overall, the system is helpful.",positive
This software started in the terminal.,neutral
"Overall, the product is fast and clean.",positive
This program is not bad.,positive
The product opened in the terminal.,neutral
The update is awful.,negative
I absolutely am annoyed by this feature.,negative
"Overall, the workflow is wonderful.",positive
I feel good about the app.,positive
The service closed without an error.,neutral
The experience closed without an error.,neutral
This tool is broken.,negative
I absolutely do not enjoy the product.,negative
I do not like the update.,negative
"Overall, the product is easy to use.",positive
"Overall, this tool is unpleasant.",negative
The system started at nine o clock.,neutral
I absolutely prefer the product.,positive
The terminal interface is not useful.,negative
The product ran after the update.,neutral
"The product has problems, but overall I am happy with it.",positive
"Overall, this software is solid.",positive
I am frustrated by the interface.,negative
I do not like this feature.,negative
I absolutely hate this application.,negative
I absolutely regret using the terminal interface.,negative
I absolutely am annoyed by the product.,negative
"I expected the workflow to be good, but it is actually bad.",negative
This software closed for ten minutes.,neutral
"Overall, this feature is solid.",positive
The terminal interface is awful.,negative
This software is not bad.,positive
You nailed it this time.,positive
This feature updated this morning.,neutral
I used this software today.,neutral
The experience updated at nine o clock.,neutral
I absolutely am pleased with the workflow.,positive
The terminal interface contains a training page.,neutral
The app is easy to use.,positive
I absolutely prefer this program.,positive
"Overall, this software is unreliable.",negative
This tool ran for ten minutes.,neutral
The update is worse than before.,negative
This tool updated after lunch.,neutral
This tool displayed a message for ten minutes.,neutral
The service displayed a message yesterday.,neutral
"Overall, the design is disappointing.",negative
This tool is smooth.,positive
I enjoy this tool.,positive
The service ran on my computer.,neutral
"This tool looked promising, but now I hate it.",negative
"Overall, the workflow is frustrating.",negative
The interface updated after the update.,neutral
"Overall, the service is a big improvement.",positive
"Overall, the workflow is reliable.",positive
The program returned a result.,neutral
The product updated on my computer.,neutral
The documentation mentions this software.,neutral
The terminal interface is pleasant.,positive
The application is running in the terminal.,neutral
This answer missed what I was asking.,negative
"Overall, this software is excellent.",positive
That answer was clear and useful.,positive
The design loaded on my computer.,neutral
This program is well designed.,positive
"Overall, the product is slow.",negative
This feature updated for ten minutes.,neutral
The service is not bad.,positive
I absolutely am frustrated by this program.,negative
The product finished in the terminal.,neutral
The experience is worse than I expected.,negative
The update is broken.,negative
I appreciate this software.,positive
"Overall, this application is frustrating.",negative
The app is broken.,negative
The app finished after lunch.,neutral
The update was installed yesterday.,neutral
I do not like the system.,negative
I absolutely love this tool.,positive
The terminal interface started on my computer.,neutral
I am disappointed with the update.,negative
"Overall, this program is terrible.",negative
You should speak more like a human instead of a robot.,negative
The system is a mess.,negative
This program is confusing.,negative
The update started for ten minutes.,neutral
The update displayed a message without an error.,neutral
The terminal interface is hard to use.,negative
This program opened in the terminal.,neutral
I don't enjoy this application.,negative
The system started during the test.,neutral
This application displayed a message for ten minutes.,neutral
"I expected the update to be good, but it is actually bad.",negative
The terminal interface is useful.,positive
I do not like the product.,negative
This feature is smooth.,positive
The update loaded yesterday.,neutral
The update saved a file this morning.,neutral
The workflow is smooth.,positive
"Overall, the workflow is pleasant.",positive
I would not recommend the update.,negative
I can work with this; it is pretty good.,positive
This program closed this morning.,neutral
This tool updated at nine o clock.,neutral
This program started at nine o clock.,neutral
The update is fast and clean.,positive
"I tried to like the update, but it is terrible.",negative
The terminal interface has a menu and several buttons.,neutral
The service displayed a message for ten minutes.,neutral
This program started after lunch.,neutral
This software updated on my computer.,neutral
"Overall, the experience is unpleasant.",negative
This software is a mess.,negative
I absolutely am happy with the terminal interface.,positive
I absolutely am pleased with this tool.,positive
"Overall, the update is broken.",negative
The workflow is hard to use.,negative
The workflow is helpful.,positive
I absolutely am disappointed with the workflow.,negative
This software displayed a message at nine o clock.,neutral
"Overall, the experience is great.",positive
I absolutely am annoyed by the workflow.,negative
This feature is wonderful.,positive
The app loaded after the update.,neutral
The product updated yesterday.,neutral
I absolutely regret using the interface.,negative
The terminal interface is fast and clean.,positive
The system is slow.,negative
This tool connected after the update.,neutral
This software is useful.,positive
The product closed for ten minutes.,neutral
The app opened this morning.,neutral
"I almost gave up on the workflow, but it turned out great.",positive
"Overall, this software is well designed.",positive
"Overall, the system is disappointing.",negative
"Overall, the experience is hard to use.",negative
This application is solid.,positive
I recommend this application.,positive
"Overall, this tool is fantastic.",positive
The business opened at nine.,neutral
This feature closed this morning.,neutral
I am happy with the experience.,positive
The experience is impressive.,positive
"This feature has a few nice ideas, but overall it is frustrating.",negative
The design is terrible.,negative
I recommend this program.,positive
I hate the service.,negative
"It works, but I still dislike it.",negative
I absolutely prefer the system.,positive
I do not enjoy this feature.,negative
This tool is fast and clean.,positive
The update ran at nine o clock.,neutral
"The design has a few nice ideas, but overall it is frustrating.",negative
I absolutely enjoy the workflow.,positive
I really like this tool.,positive
I absolutely love the app.,positive
"Overall, the experience is bad.",negative
"I expected this program to be bad, but it is actually good.",positive
The experience is fantastic.,positive
"Overall, the interface is smooth.",positive
The design is unreliable.,negative
The update loaded after the update.,neutral
This feature updated at nine o clock.,neutral
This program closed for ten minutes.,neutral
I absolutely cannot stand the experience.,negative
This software is worse than I expected.,negative
The workflow is unreliable.,negative
The app opened yesterday.,neutral
The update displayed a message at nine o clock.,neutral
I really dislike this application.,negative
I am annoyed by the experience.,negative
This program is not good.,negative
I absolutely enjoy this feature.,positive
"Overall, the interface is great.",positive
The workflow is annoying.,negative
The workflow connected after the update.,neutral
I hate the design.,negative
This software is great.,positive
"I expected the experience to be bad, but it is actually good.",positive
This software is well designed.,positive
I absolutely am happy with the system.,positive
This feature is bad.,negative
The terminal interface connected at nine o clock.,neutral
The terminal interface loaded after the update.,neutral
I absolutely hate this tool.,negative
I absolutely am impressed by the service.,positive
I absolutely am disappointed with the product.,negative
"The terminal interface has problems, but overall I am happy with it.",positive
The response contained three paragraphs.,neutral
This program connected after lunch.,neutral
I absolutely am unhappy with the app.,negative
I appreciate the terminal interface.,positive
The design updated at nine o clock.,neutral
The terminal interface finished on my computer.,neutral
"I almost gave up on the update, but it turned out great.",positive
The product is easy to use.,positive
The system displayed a message during the test.,neutral
I regret using the design.,negative
I absolutely really like the experience.,positive
"Overall, the update is fantastic.",positive
I would not call this tool bad at all.,positive
This application loaded during the test.,neutral
I absolutely feel good about the app.,positive
The app saved a file in the terminal.,neutral
I don't enjoy the workflow.,negative
I recommend the service.,positive
This program is disappointing.,negative
The design is wonderful.,positive
I absolutely feel good about this tool.,positive
I absolutely appreciate the service.,positive
"Overall, the update is hard to use.",negative
I cannot stand the workflow.,negative
This program saved a file without an error.,neutral
I absolutely prefer this feature.,positive
The system finished on my computer.,neutral
"Overall, this software is hard to use.",negative
I am impressed by the terminal interface.,positive
I hate the system.,negative
I do not like the workflow.,negative
"Overall, the service is hard to use.",negative
The interface started after the update.,neutral
The app is slow.,negative
The terminal interface closed without an error.,neutral
"I expected the update to be bad, but it is actually good.",positive
The design is hard to use.,negative
I don't dislike the service.,positive
I regret using the update.,negative
"Overall, the terminal interface is excellent.",positive
This feature opened without an error.,neutral
The design started after the update.,neutral
"This application was frustrating at first, but now I like it.",positive
I do not hate the terminal interface.,positive
"Overall, the workflow is great.",positive
The design saved a file yesterday.,neutral
The experience loaded yesterday.,neutral
The update is reliable.,positive
This feature started after lunch.,neutral
"Overall, the system is unpleasant.",negative
This application started for ten minutes.,neutral
I am annoyed by this program.,negative
The design finished for ten minutes.,neutral
I would not call this feature good.,negative
"Overall, the product is broken.",negative
"Overall, the terminal interface is bad.",negative
This software connected this morning.,neutral
"Overall, this program is worse than before.",negative
This program displayed a message after lunch.,neutral
"Overall, the app is excellent.",positive
This software is poorly designed.,negative
This feature closed at nine o clock.,neutral
The terminal interface is impressive.,positive
I used the experience today.,neutral
The app saved a file during the test.,neutral
I absolutely do not enjoy the app.,negative
The application opened at nine this morning.,neutral
I cannot stand this tool.,negative
"Overall, the app is great.",positive
I absolutely appreciate this tool.,positive
I absolutely am unhappy with the product.,negative
The design started at nine o clock.,neutral
"Overall, this application is worse than before.",negative
This feature is fast and clean.,positive
The app is well designed.,positive
The experience connected on my computer.,neutral
The product is well designed.,positive
The app is fast and clean.,positive
"Overall, the app is well designed.",positive
The experience is fast and clean.,positive
I opened the product and viewed the history page.,neutral
The documentation mentions the workflow.,neutral
This application closed this morning.,neutral
This tool is pleasant.,positive
I would not call this software good.,negative
The design is impressive.,positive
"Overall, the product is poorly designed.",negative
I don't enjoy the terminal interface.,negative
The experience started after the update.,neutral
"Overall, the service is annoying.",negative
I absolutely am unhappy with the service.,negative
The update is a mess.,negative
"The product looked promising, but now I hate it.",negative
The system is impressive.,positive
This software is not terrible.,positive
I absolutely really dislike the system.,negative
I am annoyed by the product.,negative
The changes fixed what was bothering me.,positive
I absolutely am unhappy with the workflow.,negative
"Overall, the service is slow.",negative
I don't enjoy the app.,negative
"Overall, this program is useful.",positive
The update finished yesterday.,neutral
I opened the design and viewed the history page.,neutral
"Overall, the experience is poorly designed.",negative
The workflow is impressive.,positive
The update saved a file at nine o clock.,neutral
I absolutely am pleased with the terminal interface.,positive
"Overall, the workflow is unpleasant.",negative
I am happy with this tool.,positive
I am disappointed with the product.,negative
I absolutely really dislike this application.,negative
The service displayed a message in the terminal.,neutral
This software loaded yesterday.,neutral
"Overall, the system is fantastic.",positive
I absolutely love this software.,positive
The experience started after lunch.,neutral
I prefer the service.,positive
The interface is worse than before.,negative
I would not recommend the workflow.,negative
I absolutely recommend the design.,positive
"Overall, the app is easy to use.",positive
"Overall, this software is terrible.",negative
I really dislike the system.,negative
This software finished on my computer.,neutral
This feature is slow.,negative
This is not what I wanted.,negative
The interface finished after lunch.,neutral
I absolutely really like the interface.,positive
The experience connected for ten minutes.,neutral
The workflow displayed a message for ten minutes.,neutral
"Honestly, I like this.",positive
This tool is fantastic.,positive
"Overall, this application is well designed.",positive
"Overall, this feature is hard to use.",negative
"Overall, the app is poorly designed.",negative
The interface is disappointing.,negative
The product is reliable.,positive
"Overall, this application is broken.",negative
The system opened at nine o clock.,neutral
I am unhappy with the app.,negative
This feature is frustrating.,negative
The system connected after lunch.,neutral
The terminal interface finished without an error.,neutral
The experience is great.,positive
The product is bad.,negative
This software connected after lunch.,neutral
The terminal interface is a big improvement.,positive
I do not enjoy the app.,negative
The product started at nine o clock.,neutral
"The experience has a few nice ideas, but overall it is frustrating.",negative
"The design has problems, but overall I am happy with it.",positive
This feature displayed a message without an error.,neutral
The system finished this morning.,neutral
This application started on my computer.,neutral
"Overall, the workflow is smooth.",positive
This software is annoying.,negative
The system is pleasant.,positive
"Overall, the experience is excellent.",positive
The interface closed yesterday.,neutral
The product ran this morning.,neutral
I prefer the system.,positive
The interface saved a file on my computer.,neutral
This sounds robotic and unnatural.,negative
I cannot stand the design.,negative
The file was saved to disk.,neutral
I absolutely am unhappy with the design.,negative
"Overall, the update is a big improvement.",positive
The interface displayed a message for ten minutes.,neutral
This software closed on my computer.,neutral
This software loaded for ten minutes.,neutral
The documentation mentions the design.,neutral
The update connected at nine o clock.,neutral
"The workflow has problems, but overall I am happy with it.",positive
I really dislike the design.,negative
"This tool has problems, but overall I am happy with it.",positive
The app is hard to use.,negative
I absolutely cannot stand this application.,negative
This feature displayed a message after lunch.,neutral
I opened this software and viewed the history page.,neutral
I absolutely love the product.,positive
This program opened for ten minutes.,neutral
The interface finished in the terminal.,neutral
I absolutely enjoy the design.,positive
The system started after lunch.,neutral
"Overall, the service is well designed.",positive
This application ran yesterday.,neutral
"Overall, this software is slow.",negative
I am frustrated by this tool.,negative
"I expected the app to be bad, but it is actually good.",positive
This program saved a file at nine o clock.,neutral
The product displayed a message on my computer.,neutral
This application is broken.,negative
I really dislike the workflow.,negative
This feature is helpful.,positive
"Overall, this software is great.",positive
"Overall, the product is great.",positive
The interface is unreliable.,negative
The app updated after the update.,neutral
I do not like the app.,negative
The workflow saved a file during the test.,neutral
This feature started after the update.,neutral
I appreciate the service.,positive
The terminal interface loaded in the terminal.,neutral
"Overall, this software is a big improvement.",positive
I absolutely would not recommend the design.,negative
I regret using the interface.,negative
"Overall, the service is smooth.",positive
"Overall, this feature is impressive.",positive
The terminal interface opened during the test.,neutral
"The interface has problems, but overall I am happy with it.",positive
This program is solid.,positive
"Overall, the experience is a mess.",negative
This software saved a file at nine o clock.,neutral
I do not enjoy the service.,negative
"The interface looked promising, but now I hate it.",negative
I enjoy this software.,positive
I absolutely am impressed by this feature.,positive
The product is not terrible.,positive
The experience loaded without an error.,neutral
The design displayed a message this morning.,neutral
"Overall, this tool is slow.",negative
I am frustrated by the experience.,negative
"Overall, this program is a big improvement.",positive
I recommend this tool.,positive
The workflow updated for ten minutes.,neutral
I absolutely do not enjoy the interface.,negative
I would not call the update bad at all.,positive
"Overall, the app is useful.",positive
This feature started during the test.,neutral
"Overall, the system is poorly designed.",negative
The product was installed yesterday.,neutral
I absolutely prefer the experience.,positive
The design is bad.,negative
I absolutely really like this tool.,positive
I absolutely am frustrated by the system.,negative
"Overall, this tool is a mess.",negative
This tool opened this morning.,neutral
This feature is better than I expected.,positive
"Overall, the app is helpful.",positive
The workflow closed during the test.,neutral
The app ran at nine o clock.,neutral
The service ran for ten minutes.,neutral
"Overall, the system is useful.",positive
"I almost gave up on the terminal interface, but it turned out great.",positive
"I tried to like this software, but it is terrible.",negative
The design finished after the update.,neutral
I prefer the app.,positive
This tool loaded during the test.,neutral
The experience displayed a message after lunch.,neutral
"Overall, the service is poorly designed.",negative
The app is helpful.,positive
I absolutely appreciate the app.,positive
The service started this morning.,neutral
This tool updated without an error.,neutral
I absolutely feel good about the design.,positive
The update updated during the test.,neutral
This feature displayed a message for ten minutes.,neutral
This feels worse after the update.,negative
This application ran after lunch.,neutral
The interface ran yesterday.,neutral
The experience displayed a message at nine o clock.,neutral
The update is useful.,positive
"Overall, this software is disappointing.",negative
The design closed yesterday.,neutral
This tool finished after the update.,neutral
This feature closed after the update.,neutral
"Overall, the product is hard to use.",negative
The terminal interface opened this morning.,neutral
The app is disappointing.,negative
I absolutely would not recommend this program.,negative
I hate the app.,negative
"Overall, the interface is broken.",negative
"I tried to like the service, but it is terrible.",negative
The test for the terminal interface finished at noon.,neutral
"Overall, the experience is helpful.",positive
"Overall, this application is fantastic.",positive
"Overall, this software is poorly designed.",negative
"This application looked promising, but now I hate it.",negative
I am impressed by the design.,positive
"I expected this tool to be good, but it is actually bad.",negative
"Overall, the update is fast and clean.",positive
This tool is worse than before.,negative
"This program has problems, but overall I am happy with it.",positive
This application is a big improvement.,positive
The service is a mess.,negative
"I expected the interface to be bad, but it is actually good.",positive
I would not call the app bad at all.,positive
The product ran yesterday.,neutral
The terminal interface updated on my computer.,neutral
I absolutely regret using the experience.,negative
The service is helpful.,positive
The terminal interface saved a file without an error.,neutral
The service is unpleasant.,negative
I absolutely enjoy this software.,positive
The system is not terrible.,positive
I love the interface.,positive
The product is a mess.,negative
The experience displayed a message in the terminal.,neutral
This application opened after lunch.,neutral
The workflow is fast and clean.,positive
The service is a big improvement.,positive
I am unhappy with the system.,negative
I regret using this tool.,negative
I absolutely enjoy the service.,positive
"I expected the design to be good, but it is actually bad.",negative
The product saved a file in the terminal.,neutral
This tool is bad.,negative
The design is not terrible.,positive
This software displayed a message for ten minutes.,neutral
The terminal interface closed on my computer.,neutral
"Overall, this feature is easy to use.",positive
The terminal interface updated without an error.,neutral
I absolutely am happy with the service.,positive
The app is impressive.,positive
"Overall, the system is slow.",negative
The design is helpful.,positive
The update is frustrating.,negative
I appreciate the system.,positive
I absolutely love the service.,positive
The experience is easy to use.,positive
"Overall, this program is frustrating.",negative
"Overall, the design is unreliable.",negative
I don't dislike the interface.,positive
"Overall, this feature is unpleasant.",negative
"Overall, the design is hard to use.",negative
This program is wonderful.,positive
"The experience has problems, but overall I am happy with it.",positive
"I expected this software to be good, but it is actually bad.",negative
This tool was installed yesterday.,neutral
"Overall, the system is reliable.",positive
This feature started yesterday.,neutral
The product displayed a message in the terminal.,neutral
"Overall, the update is annoying.",negative
This tool closed without an error.,neutral
This program is unpleasant.,negative
I absolutely do not enjoy the terminal interface.,negative
I am disappointed with the experience.,negative
This application ran at nine o clock.,neutral
The service is not useful.,negative
"Overall, the app is hard to use.",negative
That was actually pretty good.,positive
This feature finished in the terminal.,neutral
The system produced three output values.,neutral
"Overall, the system is excellent.",positive
This feature is terrible.,negative
The terminal interface is great.,positive
I love the product.,positive
"I expected this program to be good, but it is actually bad.",negative
The design is not bad.,positive
"Overall, the interface is hard to use.",negative
I thought this was going to be terrible but it is actually pretty good.,positive
The design loaded this morning.,neutral
"Overall, this tool is frustrating.",negative
I absolutely recommend the update.,positive
"The service has problems, but overall I am happy with it.",positive
The interface started for ten minutes.,neutral
I am pleased with the update.,positive
The experience connected yesterday.,neutral
The update started after lunch.,neutral
I absolutely enjoy the system.,positive
I would not call the service good.,negative
The service saved a file in the terminal.,neutral
"Overall, the experience is solid.",positive
I appreciate the product.,positive
"Overall, this program is smooth.",positive
"I tried to like this program, but it is terrible.",negative
This software updated without an error.,neutral
"Honestly, this is frustrating.",negative
The product finished yesterday.,neutral
The product connected at nine o clock.,neutral
I absolutely am happy with this tool.,positive
This tool saved a file for ten minutes.,neutral
This feature displayed a message yesterday.,neutral
The update updated after lunch.,neutral
This software is better than I expected.,positive
I absolutely am impressed by the workflow.,positive
The system is awful.,negative
The design loaded without an error.,neutral
I absolutely love the workflow.,positive
I really dislike this feature.,negative
The interface updated on my computer.,neutral
I am pleased with the design.,positive
The terminal interface loaded for ten minutes.,neutral
The product closed this morning.,neutral
"Overall, the product is worse than before.",negative
I am happy with the app.,positive
The service is frustrating.,negative
I absolutely love the interface.,positive
This program produced three output values.,neutral
"Overall, this feature is terrible.",negative
You spoke for about two minutes.,neutral
This application is terrible.,negative
This feature is solid.,positive
"Overall, the terminal interface is a mess.",negative
The service finished on my computer.,neutral
"Overall, this feature is broken.",negative
This tool is useful.,positive
I would not recommend the experience.,negative
The update is solid.,positive
The update displayed a message after lunch.,neutral
The terminal interface is bad.,negative
"Overall, the product is smooth.",positive
The update displayed a message on my computer.,neutral
I really dislike the experience.,negative
"Overall, the service is easy to use.",positive
This application updated without an error.,neutral
The product is frustrating.,negative
"Overall, the product is confusing.",negative
I love the design.,positive
"Overall, this application is wonderful.",positive
This tool started yesterday.,neutral
The experience is a big improvement.,positive
This program finished in the terminal.,neutral
The update updated at nine o clock.,neutral
The interface is a mess.,negative
I am unhappy with this tool.,negative
I am happy with this application.,positive
The workflow is disappointing.,negative
I absolutely appreciate the workflow.,positive
I prefer the workflow.,positive
"Overall, this feature is well designed.",positive
I absolutely do not enjoy this feature.,negative
The system connected in the terminal.,neutral
This application started after lunch.,neutral
I absolutely really dislike this program.,negative
I absolutely regret using this application.,negative
This software loaded after lunch.,neutral
"I expected this application to be good, but it is actually bad.",negative
I don't enjoy this feature.,negative
This feature ran during the test.,neutral
The service ran without an error.,neutral
"Overall, the interface is bad.",negative
The interface is a big improvement.,positive
The terminal interface connected without an error.,neutral
This feature is excellent.,positive
The product connected for ten minutes.,neutral
The update is annoying.,negative
I regret using this application.,negative
I absolutely prefer the update.,positive
I absolutely do not enjoy the workflow.,negative
The interface finished yesterday.,neutral
This program is not terrible.,positive
The app connected without an error.,neutral
The system is excellent.,positive
This software is helpful.,positive
The design is fast and clean.,positive
The experience is solid.,positive
The service started for ten minutes.,neutral
I absolutely recommend the app.,positive
The workflow is slow.,negative
The product updated without an error.,neutral
The workflow saved a file after the update.,neutral
I clicked a button in the experience.,neutral
This feature opened in the terminal.,neutral
I prefer this tool.,positive
This software is not good.,negative
I absolutely appreciate the experience.,positive
The workflow is wonderful.,positive
The system loaded this morning.,neutral
The interface ran after lunch.,neutral
I recommend the product.,positive
This tool is terrible.,negative
The service is confusing.,negative
"Overall, the service is pleasant.",positive
The update closed on my computer.,neutral
The experience closed in the terminal.,neutral
"Overall, the design is unpleasant.",negative
This tool is impressive.,positive
The system started on my computer.,neutral
The update updated this morning.,neutral
I really dislike the app.,negative
I am impressed by the experience.,positive
The design finished during the test.,neutral
The experience is well designed.,positive
This feature is annoying.,negative
I absolutely cannot stand the workflow.,negative
This feature ran after lunch.,neutral
The experience is awful.,negative
This application produced three output values.,neutral
This feature loaded for ten minutes.,neutral
I absolutely do not enjoy the design.,negative
The terminal interface started at nine o clock.,neutral
"Overall, the app is unreliable.",negative
I don't dislike this software.,positive
This application finished on my computer.,neutral
I absolutely enjoy the product.,positive
This software updated after lunch.,neutral
This tool is easy to use.,positive
"Overall, the workflow is slow.",negative
"Overall, the app is unpleasant.",negative
The workflow is worse than I expected.,negative
The design saved a file on my computer.,neutral
I absolutely prefer the interface.,positive
The interface loaded after the update.,neutral
The interface is fast and clean.,positive
"I expected this feature to be good, but it is actually bad.",negative
The product loaded this morning.,neutral
I regret using this feature.,negative
This tool is unpleasant.,negative
I regret using the experience.,negative
"Overall, the interface is poorly designed.",negative
The product saved a file this morning.,neutral
The interface is terrible.,negative
"Overall, the update is easy to use.",positive
This feature updated after the update.,neutral
This application ran in the terminal.,neutral
I really dislike the update.,negative
I do not enjoy the terminal interface.,negative
I am not happy with how this works.,negative
I absolutely enjoy this application.,positive
"Overall, this application is pleasant.",positive
The terminal interface updated during the test.,neutral
I enjoy the design.,positive
"The update looked promising, but now I hate it.",negative
I would not call the workflow bad at all.,positive
I absolutely hate the interface.,negative
"Overall, the experience is fantastic.",positive
I don't dislike the design.,positive
The experience ran during the test.,neutral
I absolutely would not recommend the app.,negative
I absolutely regret using the product.,negative
I absolutely recommend the experience.,positive
The product opened without an error.,neutral
I am disappointed with the workflow.,negative
The workflow is fantastic.,positive
The service loaded after the update.,neutral
The update closed yesterday.,neutral
"Overall, the design is a mess.",negative
"Overall, the app is annoying.",negative
This program started in the terminal.,neutral
This software opened without an error.,neutral
This feature is well designed.,positive
I absolutely love the experience.,positive
I really dislike the terminal interface.,negative
"I tried to like the product, but it is terrible.",negative
"Overall, this program is well designed.",positive
"Overall, this tool is fast and clean.",positive
The experience is not good.,negative
I absolutely am unhappy with this tool.,negative
The button is located below the text box.,neutral
"Overall, the experience is easy to use.",positive
The design updated for ten minutes.,neutral
The interface opened after the update.,neutral
"The product was frustrating at first, but now I like it.",positive
The service started during the test.,neutral
The design is worse than I expected.,negative
The product is confusing.,negative
The interface saved a file without an error.,neutral
This application is worse than I expected.,negative
I absolutely recommend this feature.,positive
I absolutely am annoyed by this software.,negative
I am happy with the service.,positive
The update is bad.,negative
The terminal interface is worse than before.,negative
The product connected during the test.,neutral
I do not like the service.,negative
The workflow started after lunch.,neutral
The update ran after the update.,neutral
The product is terrible.,negative
This feature has a menu and several buttons.,neutral
I love the service.,positive
I absolutely recommend the system.,positive
I appreciate the update.,positive
The workflow ran after lunch.,neutral
I enjoy this feature.,positive
The system is better than I expected.,positive
I don't enjoy this program.,negative
I don't dislike this tool.,positive
This software is solid.,positive
I am pleased with the app.,positive
"Overall, this program is helpful.",positive
I would not call this tool good.,negative
The update is worse than I expected.,negative
The service is better than I expected.,positive
The terminal interface updated after lunch.,neutral
The app started after lunch.,neutral
This program updated for ten minutes.,neutral
The design connected at nine o clock.,neutral
"Overall, the update is pleasant.",positive
The system is solid.,positive
"Overall, the update is a mess.",negative
"Overall, the terminal interface is useful.",positive
The workflow ran without an error.,neutral
"Overall, this tool is bad.",negative
I would not call the workflow good.,negative
The design is well designed.,positive
The experience updated in the terminal.,neutral
The app loaded for ten minutes.,neutral
This tool displayed a message at nine o clock.,neutral
I hate the product.,negative
I absolutely love the terminal interface.,positive
The workflow is not bad.,positive
I am unhappy with the interface.,negative
This application is not terrible.,positive
I absolutely am disappointed with this feature.,negative
I am annoyed by the service.,negative
The design updated this morning.,neutral
I absolutely feel good about the terminal interface.,positive
This program loaded this morning.,neutral
"I expected this software to be bad, but it is actually good.",positive
This feature is hard to use.,negative
The interface updated yesterday.,neutral
The app displayed a message at nine o clock.,neutral
"Overall, this application is bad.",negative
The service connected during the test.,neutral
"I expected the system to be good, but it is actually bad.",negative
The service connected yesterday.,neutral
"I expected the terminal interface to be good, but it is actually bad.",negative
The experience finished after the update.,neutral
This tool is not useful.,negative
I absolutely prefer the terminal interface.,positive
I hate the interface.,negative
"Overall, the interface is impressive.",positive
I absolutely hate this program.,negative
I absolutely feel good about the service.,positive
"Overall, the app is bad.",negative
The terminal interface is wonderful.,positive
The app is unreliable.,negative
The design started for ten minutes.,neutral
The app updated this morning.,neutral
"Overall, the design is pleasant.",positive
The update started this morning.,neutral
The service is poorly designed.,negative
"I expected this tool to be bad, but it is actually good.",positive
"Overall, this tool is reliable.",positive
The update connected in the terminal.,neutral
The workflow started during the test.,neutral
The service saved a file during the test.,neutral
The terminal interface is excellent.,positive
"Overall, the product is a mess.",negative
I hate the update.,negative
I absolutely really dislike this software.,negative
"Overall, the experience is well designed.",positive
"Overall, this feature is great.",positive
I absolutely hate the product.,negative
I absolutely am happy with the interface.,positive
I absolutely recommend the terminal interface.,positive
"Overall, the app is solid.",positive
This program saved a file after lunch.,neutral
I absolutely am frustrated by this feature.,negative
"The update has problems, but overall I am happy with it.",positive
I would not call this feature bad at all.,positive
I absolutely cannot stand this software.,negative
The update finished without an error.,neutral
"Overall, the workflow is poorly designed.",negative
The design loaded yesterday.,neutral
This program is frustrating.,negative
I am happy with the product.,positive
The design ran this morning.,neutral
"Overall, this feature is worse than before.",negative
The service is great.,positive
This software opened at nine o clock.,neutral
"Overall, the product is fantastic.",positive
The system updated for ten minutes.,neutral
I cannot stand the terminal interface.,negative
I hate this tool.,negative
This feature opened after lunch.,neutral
I absolutely would not recommend the workflow.,negative
I do not enjoy the design.,negative
The experience ran after lunch.,neutral
"Overall, the terminal interface is awful.",negative
I would not recommend this feature.,negative
"Overall, the design is excellent.",positive
The product is smooth.,positive
The workflow opened on my computer.,neutral
The app closed on my computer.,neutral
I absolutely am happy with the design.,positive
"Overall, this feature is fast and clean.",positive
"Overall, this program is reliable.",positive
The experience loaded after the update.,neutral
This application started yesterday.,neutral
"Overall, this software is annoying.",negative
This feature is worse than I expected.,negative
"Overall, the service is worse than before.",negative
I feel good about the system.,positive
"Overall, the design is annoying.",negative
The update opened for ten minutes.,neutral
"Overall, the experience is slow.",negative
I do not enjoy the product.,negative
The workflow displayed a message at nine o clock.,neutral
The terminal interface ran this morning.,neutral
This software is easy to use.,positive
The app is smooth.,positive
The experience finished after lunch.,neutral
This feature is pleasant.,positive
I don't dislike this feature.,positive
I absolutely really dislike the interface.,negative
This software ran after the update.,neutral
The experience displayed a message during the test.,neutral
This software is impressive.,positive
"Overall, the workflow is helpful.",positive
"I expected this application to be bad, but it is actually good.",positive
I absolutely am annoyed by the service.,negative
I absolutely would not recommend the system.,negative
"Overall, the system is a mess.",negative
This tool is worse than I expected.,negative
I absolutely enjoy this tool.,positive
I absolutely love the update.,positive
I absolutely am annoyed by the app.,negative
The experience started during the test.,neutral
The design finished at nine o clock.,neutral
I appreciate this application.,positive
The design finished this morning.,neutral
The product saved a file at nine o clock.,neutral
The update is version two point two.,neutral
The app loaded on my computer.,neutral
This feature closed yesterday.,neutral
This software connected without an error.,neutral
"Overall, the service is unreliable.",negative
"Overall, the experience is pleasant.",positive
This tool opened at nine o clock.,neutral
"The product has a few nice ideas, but overall it is frustrating.",negative
I prefer the experience.,positive
The terminal interface is worse than I expected.,negative
The experience displayed a message yesterday.,neutral
"Overall, the terminal interface is frustrating.",negative
"Overall, this feature is fantastic.",positive
I absolutely really like the design.,positive
I really dislike the interface.,negative
This program connected after the update.,neutral
I am happy with the interface.,positive
The interface is excellent.,positive
The terminal interface displayed a message after the update.,neutral
The system closed yesterday.,neutral
I love this program.,positive
I really dislike the product.,negative
"Overall, the design is awful.",negative
This feature started this morning.,neutral
"Overall, this program is confusing.",negative
This application is wonderful.,positive
The workflow is unpleasant.,negative
The service ran this morning.,neutral
"Overall, this program is bad.",negative
This tool is slow.,negative
I do not hate the workflow.,positive
The workflow ran on my computer.,neutral
The workflow is bad.,negative
The interface opened yesterday.,neutral
The workflow connected for ten minutes.,neutral
The system saved a file yesterday.,neutral
I absolutely appreciate this feature.,positive
The terminal interface finished at nine o clock.,neutral
I appreciate the workflow.,positive
I don't enjoy the interface.,negative
The service is wonderful.,positive
I am unhappy with the experience.,negative
"Overall, the workflow is a big improvement.",positive
I absolutely am happy with this application.,positive
"I almost gave up on this feature, but it turned out great.",positive
The experience is reliable.,positive
I absolutely really dislike the design.,negative
The system opened yesterday.,neutral
"Overall, the terminal interface is smooth.",positive
I absolutely am disappointed with the interface.,negative
I absolutely am disappointed with this program.,negative
The design closed at nine o clock.,neutral
The product opened for ten minutes.,neutral
I would not call the system good.,negative
"Overall, the update is slow.",negative
The design is solid.,positive
I would not call the experience good.,negative
I would not call the interface good.,negative
I absolutely am unhappy with this program.,negative
I absolutely do not enjoy the system.,negative
The product is disappointing.,negative
I absolutely am happy with this feature.,positive
"Overall, the workflow is broken.",negative
The app is bad.,negative
"Overall, the experience is a big improvement.",positive
The system loaded after the update.,neutral
The app connected for ten minutes.,neutral
The design loaded during the test.,neutral
This application loaded yesterday.,neutral
I am pleased with this application.,positive
The app opened in the terminal.,neutral
"Overall, this feature is smooth.",positive
I don't enjoy the experience.,negative
The app displayed a message this morning.,neutral
The update finished in the terminal.,neutral
"Overall, the experience is worse than before.",negative
The product is hard to use.,negative
The experience opened for ten minutes.,neutral
The update finished this morning.,neutral
I absolutely regret using the workflow.,negative
The app is frustrating.,negative
The design ran yesterday.,neutral
The documentation mentions this feature.,neutral
The service opened on my computer.,neutral
The service contains a training page.,neutral
This application opened this morning.,neutral
This software is slow.,negative
